PassengerId,Perished,Pclass,Sex,Age,SibSp,Parch,Fare,HasCabin,Embarked_Q,Embarked_S,FamilySize,IsAlone,AgeGroup,FareGroup,Title
1,1.0,3,0,22.0,1,0,7.25,0,False,True,2,0,2,0,0
2,0.0,1,1,38.0,1,0,71.2833,1,False,False,2,0,3,3,1
3,0.0,3,1,26.0,0,0,7.925,0,False,True,1,1,2,1,1
4,0.0,1,1,35.0,1,0,53.1,1,False,True,2,0,2,3,1
5,1.0,3,0,35.0,0,0,8.05,0,False,True,1,1,2,1,0
6,1.0,3,0,28.0,0,0,8.4583,0,True,False,1,1,2,1,0
7,1.0,1,0,54.0,0,0,51.8625,1,False,True,1,1,3,3,0
8,1.0,3,0,2.0,3,1,21.075,0,False,True,5,0,0,2,2
9,0.0,3,1,27.0,0,2,11.1333,0,False,True,3,0,2,1,1
10,0.0,2,1,14.0,1,0,30.0708,0,False,False,2,0,1,2,1
11,0.0,3,1,4.0,1,1,16.7,1,False,True,3,0,0,2,1
12,0.0,1,1,58.0,0,0,26.55,1,False,True,1,1,3,2,1
13,1.0,3,0,20.0,0,0,8.05,0,False,True,1,1,2,1,0
14,1.0,3,0,39.0,1,5,31.275,0,False,True,7,0,3,2,0
15,1.0,3,1,14.0,0,0,7.8542,0,False,True,1,1,1,0,1
16,0.0,2,1,55.0,0,0,16.0,0,False,True,1,1,3,2,1
17,1.0,3,0,2.0,4,1,29.125,0,True,False,6,0,0,2,2
18,0.0,2,0,28.0,0,0,13.0,0,False,True,1,1,2,1,0
19,1.0,3,1,31.0,1,0,18.0,0,False,True,2,0,2,2,1
20,0.0,3,1,28.0,0,0,7.225,0,False,False,1,1,2,0,1
21,1.0,2,0,35.0,0,0,26.0,0,False,True,1,1,2,2,0
22,0.0,2,0,34.0,0,0,13.0,1,False,True,1,1,2,1,0
23,0.0,3,1,15.0,0,0,8.0292,0,True,False,1,1,1,1,1
24,0.0,1,0,28.0,0,0,35.5,1,False,True,1,1,2,3,0
25,1.0,3,1,8.0,3,1,21.075,0,False,True,5,0,0,2,1
26,0.0,3,1,38.0,1,5,31.3875,0,False,True,7,0,3,3,1
27,1.0,3,0,28.0,0,0,7.225,0,False,False,1,1,2,0,0
28,1.0,1,0,19.0,3,2,263.0,1,False,True,6,0,2,3,0
29,0.0,3,1,28.0,0,0,7.8792,0,True,False,1,1,2,0,1
30,1.0,3,0,28.0,0,0,7.8958,0,False,True,1,1,2,0,0
31,1.0,1,0,40.0,0,0,27.7208,0,False,False,1,1,3,2,3
32,0.0,1,1,28.0,1,0,146.5208,1,False,False,2,0,2,3,1
33,0.0,3,1,28.0,0,0,7.75,0,True,False,1,1,2,0,1
34,1.0,2,0,66.0,0,0,10.5,0,False,True,1,1,4,1,0
35,1.0,1,0,28.0,1,0,82.1708,0,False,False,2,0,2,3,0
36,1.0,1,0,42.0,1,0,52.0,0,False,True,2,0,3,3,0
37,0.0,3,0,28.0,0,0,7.2292,0,False,False,1,1,2,0,0
38,1.0,3,0,21.0,0,0,8.05,0,False,True,1,1,2,1,0
39,1.0,3,1,18.0,2,0,18.0,0,False,True,3,0,1,2,1
40,0.0,3,1,14.0,1,0,11.2417,0,False,False,2,0,1,1,1
41,1.0,3,1,40.0,1,0,9.475,0,False,True,2,0,3,1,1
42,1.0,2,1,27.0,1,0,21.0,0,False,True,2,0,2,2,1
43,1.0,3,0,28.0,0,0,7.8958,0,False,False,1,1,2,0,0
44,0.0,2,1,3.0,1,2,41.5792,0,False,False,4,0,0,3,1
45,0.0,3,1,19.0,0,0,7.8792,0,True,False,1,1,2,0,1
46,1.0,3,0,28.0,0,0,8.05,0,False,True,1,1,2,1,0
47,1.0,3,0,28.0,1,0,15.5,0,True,False,2,0,2,2,0
48,0.0,3,1,28.0,0,0,7.75,0,True,False,1,1,2,0,1
49,1.0,3,0,28.0,2,0,21.6792,0,False,False,3,0,2,2,0
50,1.0,3,1,18.0,1,0,17.8,0,False,True,2,0,1,2,1
51,1.0,3,0,7.0,4,1,39.6875,0,False,True,6,0,0,3,2
52,1.0,3,0,21.0,0,0,7.8,0,False,True,1,1,2,0,0
53,0.0,1,1,49.0,1,0,76.7292,1,False,False,2,0,3,3,1
54,0.0,2,1,29.0,1,0,26.0,0,False,True,2,0,2,2,1
55,1.0,1,0,65.0,0,1,61.9792,1,False,False,2,0,4,3,0
56,0.0,1,0,28.0,0,0,35.5,1,False,True,1,1,2,3,0
57,0.0,2,1,21.0,0,0,10.5,0,False,True,1,1,2,1,1
58,1.0,3,0,28.5,0,0,7.2292,0,False,False,1,1,2,0,0
59,0.0,2,1,5.0,1,2,27.75,0,False,True,4,0,0,2,1
60,1.0,3,0,11.0,5,2,46.9,0,False,True,8,0,0,3,2
61,1.0,3,0,22.0,0,0,7.2292,0,False,False,1,1,2,0,0
62,0.0,1,1,38.0,0,0,80.0,1,False,True,1,1,3,3,1
63,1.0,1,0,45.0,1,0,83.475,1,False,True,2,0,3,3,0
64,1.0,3,0,4.0,3,2,27.9,0,False,True,6,0,0,2,2
65,1.0,1,0,28.0,0,0,27.7208,0,False,False,1,1,2,2,0
66,0.0,3,0,28.0,1,1,15.2458,0,False,False,3,0,2,2,2
67,0.0,2,1,29.0,0,0,10.5,1,False,True,1,1,2,1,1
68,1.0,3,0,19.0,0,0,8.1583,0,False,True,1,1,2,1,0
69,0.0,3,1,17.0,4,2,7.925,0,False,True,7,0,1,1,1
70,1.0,3,0,26.0,2,0,8.6625,0,False,True,3,0,2,1,0
71,1.0,2,0,32.0,0,0,10.5,0,False,True,1,1,2,1,0
72,1.0,3,1,16.0,5,2,46.9,0,False,True,8,0,1,3,1
73,1.0,2,0,21.0,0,0,73.5,0,False,True,1,1,2,3,0
74,1.0,3,0,26.0,1,0,14.4542,0,False,False,2,0,2,1,0
75,0.0,3,0,32.0,0,0,56.4958,0,False,True,1,1,2,3,0
76,1.0,3,0,25.0,0,0,7.65,1,False,True,1,1,2,0,0
77,1.0,3,0,28.0,0,0,7.8958,0,False,True,1,1,2,0,0
78,1.0,3,0,28.0,0,0,8.05,0,False,True,1,1,2,1,0
79,0.0,2,0,0.83,0,2,29.0,0,False,True,3,0,0,2,2
80,0.0,3,1,30.0,0,0,12.475,0,False,True,1,1,2,1,1
81,1.0,3,0,22.0,0,0,9.0,0,False,True,1,1,2,1,0
82,0.0,3,0,29.0,0,0,9.5,0,False,True,1,1,2,1,0
83,0.0,3,1,28.0,0,0,7.7875,0,True,False,1,1,2,0,1
84,1.0,1,0,28.0,0,0,47.1,0,False,True,1,1,2,3,0
85,0.0,2,1,17.0,0,0,10.5,0,False,True,1,1,1,1,1
86,0.0,3,1,33.0,3,0,15.85,0,False,True,4,0,2,2,1
87,1.0,3,0,16.0,1,3,34.375,0,False,True,5,0,1,3,0
88,1.0,3,0,28.0,0,0,8.05,0,False,True,1,1,2,1,0
89,0.0,1,1,23.0,3,2,263.0,1,False,True,6,0,2,3,1
90,1.0,3,0,24.0,0,0,8.05,0,False,True,1,1,2,1,0
91,1.0,3,0,29.0,0,0,8.05,0,False,True,1,1,2,1,0
92,1.0,3,0,20.0,0,0,7.8542,0,False,True,1,1,2,0,0
93,1.0,1,0,46.0,1,0,61.175,1,False,True,2,0,3,3,0
94,1.0,3,0,26.0,1,2,20.575,0,False,True,4,0,2,2,0
95,1.0,3,0,59.0,0,0,7.25,0,False,True,1,1,3,0,0
96,1.0,3,0,28.0,0,0,8.05,0,False,True,1,1,2,1,0
97,1.0,1,0,71.0,0,0,34.6542,1,False,False,1,1,4,3,0
98,0.0,1,0,23.0,0,1,63.3583,1,False,False,2,0,2,3,0
99,0.0,2,1,34.0,0,1,23.0,0,False,True,2,0,2,2,1
100,1.0,2,0,34.0,1,0,26.0,0,False,True,2,0,2,2,0
101,1.0,3,1,28.0,0,0,7.8958,0,False,True,1,1,2,0,1
102,1.0,3,0,28.0,0,0,7.8958,0,False,True,1,1,2,0,0
103,1.0,1,0,21.0,0,1,77.2875,1,False,True,2,0,2,3,0
104,1.0,3,0,33.0,0,0,8.6542,0,False,True,1,1,2,1,0
105,1.0,3,0,37.0,2,0,7.925,0,False,True,3,0,3,1,0
106,1.0,3,0,28.0,0,0,7.8958,0,False,True,1,1,2,0,0
107,0.0,3,1,21.0,0,0,7.65,0,False,True,1,1,2,0,1
108,0.0,3,0,28.0,0,0,7.775,0,False,True,1,1,2,0,0
109,1.0,3,0,38.0,0,0,7.8958,0,False,True,1,1,3,0,0
110,0.0,3,1,28.0,1,0,24.15,0,True,False,2,0,2,2,1
111,1.0,1,0,47.0,0,0,52.0,1,False,True,1,1,3,3,0
112,1.0,3,1,14.5,1,0,14.4542,0,False,False,2,0,1,1,1
113,1.0,3,0,22.0,0,0,8.05,0,False,True,1,1,2,1,0
114,1.0,3,1,20.0,1,0,9.825,0,False,True,2,0,2,1,1
115,1.0,3,1,17.0,0,0,14.4583,0,False,False,1,1,1,2,1
116,1.0,3,0,21.0,0,0,7.925,0,False,True,1,1,2,1,0
117,1.0,3,0,70.5,0,0,7.75,0,True,False,1,1,4,0,0
118,1.0,2,0,29.0,1,0,21.0,0,False,True,2,0,2,2,0
119,1.0,1,0,24.0,0,1,247.5208,1,False,False,2,0,2,3,0
120,1.0,3,1,2.0,4,2,31.275,0,False,True,7,0,0,2,1
121,1.0,2,0,21.0,2,0,73.5,0,False,True,3,0,2,3,0
122,1.0,3,0,28.0,0,0,8.05,0,False,True,1,1,2,1,0
123,1.0,2,0,32.5,1,0,30.0708,0,False,False,2,0,2,2,0
124,0.0,2,1,32.5,0,0,13.0,1,False,True,1,1,2,1,1
125,1.0,1,0,54.0,0,1,77.2875,1,False,True,2,0,3,3,0
126,0.0,3,0,12.0,1,0,11.2417,0,False,False,2,0,0,1,2
127,1.0,3,0,28.0,0,0,7.75,0,True,False,1,1,2,0,0
128,0.0,3,0,24.0,0,0,7.1417,0,False,True,1,1,2,0,0
129,0.0,3,1,28.0,1,1,22.3583,1,False,False,3,0,2,2,1
130,1.0,3,0,45.0,0,0,6.975,0,False,True,1,1,3,0,0
131,1.0,3,0,33.0,0,0,7.8958,0,False,False,1,1,2,0,0
132,1.0,3,0,20.0,0,0,7.05,0,False,True,1,1,2,0,0
133,1.0,3,1,47.0,1,0,14.5,0,False,True,2,0,3,2,1
134,0.0,2,1,29.0,1,0,26.0,0,False,True,2,0,2,2,1
135,1.0,2,0,25.0,0,0,13.0,0,False,True,1,1,2,1,0
136,1.0,2,0,23.0,0,0,15.0458,0,False,False,1,1,2,2,0
137,0.0,1,1,19.0,0,2,26.2833,1,False,True,3,0,2,2,1
138,1.0,1,0,37.0,1,0,53.1,1,False,True,2,0,3,3,0
139,1.0,3,0,16.0,0,0,9.2167,0,False,True,1,1,1,1,0
140,1.0,1,0,24.0,0,0,79.2,1,False,False,1,1,2,3,0
141,1.0,3,1,28.0,0,2,15.2458,0,False,False,3,0,2,2,1
142,0.0,3,1,22.0,0,0,7.75,0,False,True,1,1,2,0,1
143,0.0,3,1,24.0,1,0,15.85,0,False,True,2,0,2,2,1
144,1.0,3,0,19.0,0,0,6.75,0,True,False,1,1,2,0,0
145,1.0,2,0,18.0,0,0,11.5,0,False,True,1,1,1,1,0
146,1.0,2,0,19.0,1,1,36.75,0,False,True,3,0,2,3,0
147,0.0,3,0,27.0,0,0,7.7958,0,False,True,1,1,2,0,0
148,1.0,3,1,9.0,2,2,34.375,0,False,True,5,0,0,3,1
149,1.0,2,0,36.5,0,2,26.0,1,False,True,3,0,3,2,0
150,1.0,2,0,42.0,0,0,13.0,0,False,True,1,1,3,1,3
151,1.0,2,0,51.0,0,0,12.525,0,False,True,1,1,3,1,3
152,0.0,1,1,22.0,1,0,66.6,1,False,True,2,0,2,3,1
153,1.0,3,0,55.5,0,0,8.05,0,False,True,1,1,3,1,0
154,1.0,3,0,40.5,0,2,14.5,0,False,True,3,0,3,2,0
155,1.0,3,0,28.0,0,0,7.3125,0,False,True,1,1,2,0,0
156,1.0,1,0,51.0,0,1,61.3792,0,False,False,2,0,3,3,0
157,0.0,3,1,16.0,0,0,7.7333,0,True,False,1,1,1,0,1
158,1.0,3,0,30.0,0,0,8.05,0,False,True,1,1,2,1,0
159,1.0,3,0,28.0,0,0,8.6625,0,False,True,1,1,2,1,0
160,1.0,3,0,28.0,8,2,69.55,0,False,True,11,0,2,3,2
161,1.0,3,0,44.0,0,1,16.1,0,False,True,2,0,3,2,0
162,0.0,2,1,40.0,0,0,15.75,0,False,True,1,1,3,2,1
163,1.0,3,0,26.0,0,0,7.775,0,False,True,1,1,2,0,0
164,1.0,3,0,17.0,0,0,8.6625,0,False,True,1,1,1,1,0
165,1.0,3,0,1.0,4,1,39.6875,0,False,True,6,0,0,3,2
166,0.0,3,0,9.0,0,2,20.525,0,False,True,3,0,0,2,2
167,0.0,1,1,28.0,0,1,55.0,1,False,True,2,0,2,3,1
168,1.0,3,1,45.0,1,4,27.9,0,False,True,6,0,3,2,1
169,1.0,1,0,28.0,0,0,25.925,0,False,True,1,1,2,2,0
170,1.0,3,0,28.0,0,0,56.4958,0,False,True,1,1,2,3,0
171,1.0,1,0,61.0,0,0,33.5,1,False,True,1,1,4,3,0
172,1.0,3,0,4.0,4,1,29.125,0,True,False,6,0,0,2,2
173,0.0,3,1,1.0,1,1,11.1333,0,False,True,3,0,0,1,1
174,1.0,3,0,21.0,0,0,7.925,0,False,True,1,1,2,1,0
175,1.0,1,0,56.0,0,0,30.6958,1,False,False,1,1,3,2,0
176,1.0,3,0,18.0,1,1,7.8542,0,False,True,3,0,1,0,0
177,1.0,3,0,28.0,3,1,25.4667,0,False,True,5,0,2,2,2
178,1.0,1,1,50.0,0,0,28.7125,1,False,False,1,1,3,2,1
179,1.0,2,0,30.0,0,0,13.0,0,False,True,1,1,2,1,0
180,1.0,3,0,36.0,0,0,0.0,0,False,True,1,1,3,0,0
181,1.0,3,1,28.0,8,2,69.55,0,False,True,11,0,2,3,1
182,1.0,2,0,28.0,0,0,15.05,0,False,False,1,1,2,2,0
183,1.0,3,0,9.0,4,2,31.3875,0,False,True,7,0,0,3,2
184,0.0,2,0,1.0,2,1,39.0,1,False,True,4,0,0,3,2
185,0.0,3,1,4.0,0,2,22.025,0,False,True,3,0,0,2,1
186,1.0,1,0,28.0,0,0,50.0,1,False,True,1,1,2,3,0
187,0.0,3,1,28.0,1,0,15.5,0,True,False,2,0,2,2,1
188,0.0,1,0,45.0,0,0,26.55,0,False,True,1,1,3,2,0
189,1.0,3,0,40.0,1,1,15.5,0,True,False,3,0,3,2,0
190,1.0,3,0,36.0,0,0,7.8958,0,False,True,1,1,3,0,0
191,0.0,2,1,32.0,0,0,13.0,0,False,True,1,1,2,1,1
192,1.0,2,0,19.0,0,0,13.0,0,False,True,1,1,2,1,0
193,0.0,3,1,19.0,1,0,7.8542,0,False,True,2,0,2,0,1
194,0.0,2,0,3.0,1,1,26.0,1,False,True,3,0,0,2,2
195,0.0,1,1,44.0,0,0,27.7208,1,False,False,1,1,3,2,1
196,0.0,1,1,58.0,0,0,146.5208,1,False,False,1,1,3,3,1
197,1.0,3,0,28.0,0,0,7.75,0,True,False,1,1,2,0,0
198,1.0,3,0,42.0,0,1,8.4042,0,False,True,2,0,3,1,0
199,0.0,3,1,28.0,0,0,7.75,0,True,False,1,1,2,0,1
200,1.0,2,1,24.0,0,0,13.0,0,False,True,1,1,2,1,1
201,1.0,3,0,28.0,0,0,9.5,0,False,True,1,1,2,1,0
202,1.0,3,0,28.0,8,2,69.55,0,False,True,11,0,2,3,0
203,1.0,3,0,34.0,0,0,6.4958,0,False,True,1,1,2,0,0
204,1.0,3,0,45.5,0,0,7.225,0,False,False,1,1,3,0,0
205,0.0,3,0,18.0,0,0,8.05,0,False,True,1,1,1,1,0
206,1.0,3,1,2.0,0,1,10.4625,1,False,True,2,0,0,1,1
207,1.0,3,0,32.0,1,0,15.85,0,False,True,2,0,2,2,0
208,0.0,3,0,26.0,0,0,18.7875,0,False,False,1,1,2,2,0
209,0.0,3,1,16.0,0,0,7.75,0,True,False,1,1,1,0,1
210,0.0,1,0,40.0,0,0,31.0,1,False,False,1,1,3,2,0
211,1.0,3,0,24.0,0,0,7.05,0,False,True,1,1,2,0,0
212,0.0,2,1,35.0,0,0,21.0,0,False,True,1,1,2,2,1
213,1.0,3,0,22.0,0,0,7.25,0,False,True,1,1,2,0,0
214,1.0,2,0,30.0,0,0,13.0,0,False,True,1,1,2,1,0
215,1.0,3,0,28.0,1,0,7.75,0,True,False,2,0,2,0,0
216,0.0,1,1,31.0,1,0,113.275,1,False,False,2,0,2,3,1
217,0.0,3,1,27.0,0,0,7.925,0,False,True,1,1,2,1,1
218,1.0,2,0,42.0,1,0,27.0,0,False,True,2,0,3,2,0
219,0.0,1,1,32.0,0,0,76.2917,1,False,False,1,1,2,3,1
220,1.0,2,0,30.0,0,0,10.5,0,False,True,1,1,2,1,0
221,0.0,3,0,16.0,0,0,8.05,0,False,True,1,1,1,1,0
222,1.0,2,0,27.0,0,0,13.0,0,False,True,1,1,2,1,0
223,1.0,3,0,51.0,0,0,8.05,0,False,True,1,1,3,1,0
224,1.0,3,0,28.0,0,0,7.8958,0,False,True,1,1,2,0,0
225,0.0,1,0,38.0,1,0,90.0,1,False,True,2,0,3,3,0
226,1.0,3,0,22.0,0,0,9.35,0,False,True,1,1,2,1,0
227,0.0,2,0,19.0,0,0,10.5,0,False,True,1,1,2,1,0
228,1.0,3,0,20.5,0,0,7.25,0,False,True,1,1,2,0,0
229,1.0,2,0,18.0,0,0,13.0,0,False,True,1,1,1,1,0
230,1.0,3,1,28.0,3,1,25.4667,0,False,True,5,0,2,2,1
231,0.0,1,1,35.0,1,0,83.475,1,False,True,2,0,2,3,1
232,1.0,3,0,29.0,0,0,7.775,0,False,True,1,1,2,0,0
233,1.0,2,0,59.0,0,0,13.5,0,False,True,1,1,3,1,0
234,0.0,3,1,5.0,4,2,31.3875,0,False,True,7,0,0,3,1
235,1.0,2,0,24.0,0,0,10.5,0,False,True,1,1,2,1,0
236,1.0,3,1,28.0,0,0,7.55,0,False,True,1,1,2,0,1
237,1.0,2,0,44.0,1,0,26.0,0,False,True,2,0,3,2,0
238,0.0,2,1,8.0,0,2,26.25,0,False,True,3,0,0,2,1
239,1.0,2,0,19.0,0,0,10.5,0,False,True,1,1,2,1,0
240,1.0,2,0,33.0,0,0,12.275,0,False,True,1,1,2,1,0
241,1.0,3,1,28.0,1,0,14.4542,0,False,False,2,0,2,1,1
242,0.0,3,1,28.0,1,0,15.5,0,True,False,2,0,2,2,1
243,1.0,2,0,29.0,0,0,10.5,0,False,True,1,1,2,1,0
244,1.0,3,0,22.0,0,0,7.125,0,False,True,1,1,2,0,0
245,1.0,3,0,30.0,0,0,7.225,0,False,False,1,1,2,0,0
246,1.0,1,0,44.0,2,0,90.0,1,True,False,3,0,3,3,3
247,1.0,3,1,25.0,0,0,7.775,0,False,True,1,1,2,0,1
248,0.0,2,1,24.0,0,2,14.5,0,False,True,3,0,2,2,1
249,0.0,1,0,37.0,1,1,52.5542,1,False,True,3,0,3,3,0
250,1.0,2,0,54.0,1,0,26.0,0,False,True,2,0,3,2,3
251,1.0,3,0,28.0,0,0,7.25,0,False,True,1,1,2,0,0
252,1.0,3,1,29.0,1,1,10.4625,1,False,True,3,0,2,1,1
253,1.0,1,0,62.0,0,0,26.55,1,False,True,1,1,4,2,0
254,1.0,3,0,30.0,1,0,16.1,0,False,True,2,0,2,2,0
255,1.0,3,1,41.0,0,2,20.2125,0,False,True,3,0,3,2,1
256,0.0,3,1,29.0,0,2,15.2458,0,False,False,3,0,2,2,1
257,0.0,1,1,28.0,0,0,79.2,0,False,False,1,1,2,3,1
258,0.0,1,1,30.0,0,0,86.5,1,False,True,1,1,2,3,1
259,0.0,1,1,35.0,0,0,512.3292,0,False,False,1,1,2,3,1
260,0.0,2,1,50.0,0,1,26.0,0,False,True,2,0,3,2,1
261,1.0,3,0,28.0,0,0,7.75,0,True,False,1,1,2,0,0
262,0.0,3,0,3.0,4,2,31.3875,0,False,True,7,0,0,3,2
263,1.0,1,0,52.0,1,1,79.65,1,False,True,3,0,3,3,0
264,1.0,1,0,40.0,0,0,0.0,1,False,True,1,1,3,0,0
265,1.0,3,1,28.0,0,0,7.75,0,True,False,1,1,2,0,1
266,1.0,2,0,36.0,0,0,10.5,0,False,True,1,1,3,1,0
267,1.0,3,0,16.0,4,1,39.6875,0,False,True,6,0,1,3,0
268,0.0,3,0,25.0,1,0,7.775,0,False,True,2,0,2,0,0
269,0.0,1,1,58.0,0,1,153.4625,1,False,True,2,0,3,3,1
270,0.0,1,1,35.0,0,0,135.6333,1,False,True,1,1,2,3,1
271,1.0,1,0,28.0,0,0,31.0,0,False,True,1,1,2,2,0
272,0.0,3,0,25.0,0,0,0.0,0,False,True,1,1,2,0,0
273,0.0,2,1,41.0,0,1,19.5,0,False,True,2,0,3,2,1
274,1.0,1,0,37.0,0,1,29.7,1,False,False,2,0,3,2,0
275,0.0,3,1,28.0,0,0,7.75,0,True,False,1,1,2,0,1
276,0.0,1,1,63.0,1,0,77.9583,1,False,True,2,0,4,3,1
277,1.0,3,1,45.0,0,0,7.75,0,False,True,1,1,3,0,1
278,1.0,2,0,28.0,0,0,0.0,0,False,True,1,1,2,0,0
279,1.0,3,0,7.0,4,1,29.125,0,True,False,6,0,0,2,2
280,0.0,3,1,35.0,1,1,20.25,0,False,True,3,0,2,2,1
281,1.0,3,0,65.0,0,0,7.75,0,True,False,1,1,4,0,0
282,1.0,3,0,28.0,0,0,7.8542,0,False,True,1,1,2,0,0
283,1.0,3,0,16.0,0,0,9.5,0,False,True,1,1,1,1,0
284,0.0,3,0,19.0,0,0,8.05,0,False,True,1,1,2,1,0
285,1.0,1,0,28.0,0,0,26.0,1,False,True,1,1,2,2,0
286,1.0,3,0,33.0,0,0,8.6625,0,False,False,1,1,2,1,0
287,0.0,3,0,30.0,0,0,9.5,0,False,True,1,1,2,1,0
288,1.0,3,0,22.0,0,0,7.8958,0,False,True,1,1,2,0,0
289,0.0,2,0,42.0,0,0,13.0,0,False,True,1,1,3,1,0
290,0.0,3,1,22.0,0,0,7.75,0,True,False,1,1,2,0,1
291,0.0,1,1,26.0,0,0,78.85,0,False,True,1,1,2,3,1
292,0.0,1,1,19.0,1,0,91.0792,1,False,False,2,0,2,3,1
293,1.0,2,0,36.0,0,0,12.875,1,False,False,1,1,3,1,0
294,1.0,3,1,24.0,0,0,8.85,0,False,True,1,1,2,1,1
295,1.0,3,0,24.0,0,0,7.8958,0,False,True,1,1,2,0,0
296,1.0,1,0,28.0,0,0,27.7208,0,False,False,1,1,2,2,0
297,1.0,3,0,23.5,0,0,7.2292,0,False,False,1,1,2,0,0
298,1.0,1,1,2.0,1,2,151.55,1,False,True,4,0,0,3,1
299,0.0,1,0,28.0,0,0,30.5,1,False,True,1,1,2,2,0
300,0.0,1,1,50.0,0,1,247.5208,1,False,False,2,0,3,3,1
301,0.0,3,1,28.0,0,0,7.75,0,True,False,1,1,2,0,1
302,0.0,3,0,28.0,2,0,23.25,0,True,False,3,0,2,2,0
303,1.0,3,0,19.0,0,0,0.0,0,False,True,1,1,2,0,0
304,0.0,2,1,28.0,0,0,12.35,1,True,False,1,1,2,1,1
305,1.0,3,0,28.0,0,0,8.05,0,False,True,1,1,2,1,0
306,0.0,1,0,0.92,1,2,151.55,1,False,True,4,0,0,3,2
307,0.0,1,1,28.0,0,0,110.8833,0,False,False,1,1,2,3,1
308,0.0,1,1,17.0,1,0,108.9,1,False,False,2,0,1,3,1
309,1.0,2,0,30.0,1,0,24.0,0,False,False,2,0,2,2,0
310,0.0,1,1,30.0,0,0,56.9292,1,False,False,1,1,2,3,1
311,0.0,1,1,24.0,0,0,83.1583,1,False,False,1,1,2,3,1
312,0.0,1,1,18.0,2,2,262.375,1,False,False,5,0,1,3,1
313,1.0,2,1,26.0,1,1,26.0,0,False,True,3,0,2,2,1
314,1.0,3,0,28.0,0,0,7.8958,0,False,True,1,1,2,0,0
315,1.0,2,0,43.0,1,1,26.25,0,False,True,3,0,3,2,0
316,0.0,3,1,26.0,0,0,7.8542,0,False,True,1,1,2,0,1
317,0.0,2,1,24.0,1,0,26.0,0,False,True,2,0,2,2,1
318,1.0,2,0,54.0,0,0,14.0,0,False,True,1,1,3,1,3
319,0.0,1,1,31.0,0,2,164.8667,1,False,True,3,0,2,3,1
320,0.0,1,1,40.0,1,1,134.5,1,False,False,3,0,3,3,1
321,1.0,3,0,22.0,0,0,7.25,0,False,True,1,1,2,0,0
322,1.0,3,0,27.0,0,0,7.8958,0,False,True,1,1,2,0,0
323,0.0,2,1,30.0,0,0,12.35,0,True,False,1,1,2,1,1
324,0.0,2,1,22.0,1,1,29.0,0,False,True,3,0,2,2,1
325,1.0,3,0,28.0,8,2,69.55,0,False,True,11,0,2,3,0
326,0.0,1,1,36.0,0,0,135.6333,1,False,False,1,1,3,3,1
327,1.0,3,0,61.0,0,0,6.2375,0,False,True,1,1,4,0,0
328,0.0,2,1,36.0,0,0,13.0,1,False,True,1,1,3,1,1
329,0.0,3,1,31.0,1,1,20.525,0,False,True,3,0,2,2,1
330,0.0,1,1,16.0,0,1,57.9792,1,False,False,2,0,1,3,1
331,0.0,3,1,28.0,2,0,23.25,0,True,False,3,0,2,2,1
332,1.0,1,0,45.5,0,0,28.5,1,False,True,1,1,3,2,0
333,1.0,1,0,38.0,0,1,153.4625,1,False,True,2,0,3,3,0
334,1.0,3,0,16.0,2,0,18.0,0,False,True,3,0,1,2,0
335,0.0,1,1,28.0,1,0,133.65,0,False,True,2,0,2,3,1
336,1.0,3,0,28.0,0,0,7.8958,0,False,True,1,1,2,0,0
337,1.0,1,0,29.0,1,0,66.6,1,False,True,2,0,2,3,0
338,0.0,1,1,41.0,0,0,134.5,1,False,False,1,1,3,3,1
339,0.0,3,0,45.0,0,0,8.05,0,False,True,1,1,3,1,0
340,1.0,1,0,45.0,0,0,35.5,1,False,True,1,1,3,3,0
341,0.0,2,0,2.0,1,1,26.0,1,False,True,3,0,0,2,2
342,0.0,1,1,24.0,3,2,263.0,1,False,True,6,0,2,3,1
343,1.0,2,0,28.0,0,0,13.0,0,False,True,1,1,2,1,0
344,1.0,2,0,25.0,0,0,13.0,0,False,True,1,1,2,1,0
345,1.0,2,0,36.0,0,0,13.0,0,False,True,1,1,3,1,0
346,0.0,2,1,24.0,0,0,13.0,1,False,True,1,1,2,1,1
347,0.0,2,1,40.0,0,0,13.0,0,False,True,1,1,3,1,1
348,0.0,3,1,28.0,1,0,16.1,0,False,True,2,0,2,2,1
349,0.0,3,0,3.0,1,1,15.9,0,False,True,3,0,0,2,2
350,1.0,3,0,42.0,0,0,8.6625,0,False,True,1,1,3,1,0
351,1.0,3,0,23.0,0,0,9.225,0,False,True,1,1,2,1,0
352,1.0,1,0,28.0,0,0,35.0,1,False,True,1,1,2,3,0
353,1.0,3,0,15.0,1,1,7.2292,0,False,False,3,0,1,0,0
354,1.0,3,0,25.0,1,0,17.8,0,False,True,2,0,2,2,0
355,1.0,3,0,28.0,0,0,7.225,0,False,False,1,1,2,0,0
356,1.0,3,0,28.0,0,0,9.5,0,False,True,1,1,2,1,0
357,0.0,1,1,22.0,0,1,55.0,1,False,True,2,0,2,3,1
358,1.0,2,1,38.0,0,0,13.0,0,False,True,1,1,3,1,1
359,0.0,3,1,28.0,0,0,7.8792,0,True,False,1,1,2,0,1
360,0.0,3,1,28.0,0,0,7.8792,0,True,False,1,1,2,0,1
361,1.0,3,0,40.0,1,4,27.9,0,False,True,6,0,3,2,0
362,1.0,2,0,29.0,1,0,27.7208,0,False,False,2,0,2,2,0
363,1.0,3,1,45.0,0,1,14.4542,0,False,False,2,0,3,1,1
364,1.0,3,0,35.0,0,0,7.05,0,False,True,1,1,2,0,0
365,1.0,3,0,28.0,1,0,15.5,0,True,False,2,0,2,2,0
366,1.0,3,0,30.0,0,0,7.25,0,False,True,1,1,2,0,0
367,0.0,1,1,60.0,1,0,75.25,1,False,False,2,0,3,3,1
368,0.0,3,1,28.0,0,0,7.2292,0,False,False,1,1,2,0,1
369,0.0,3,1,28.0,0,0,7.75,0,True,False,1,1,2,0,1
370,0.0,1,1,24.0,0,0,69.3,1,False,False,1,1,2,3,1
371,0.0,1,0,25.0,1,0,55.4417,1,False,False,2,0,2,3,0
372,1.0,3,0,18.0,1,0,6.4958,0,False,True,2,0,1,0,0
373,1.0,3,0,19.0,0,0,8.05,0,False,True,1,1,2,1,0
374,1.0,1,0,22.0,0,0,135.6333,0,False,False,1,1,2,3,0
375,1.0,3,1,3.0,3,1,21.075,0,False,True,5,0,0,2,1
376,0.0,1,1,28.0,1,0,82.1708,0,False,False,2,0,2,3,1
377,0.0,3,1,22.0,0,0,7.25,0,False,True,1,1,2,0,1
378,1.0,1,0,27.0,0,2,211.5,1,False,False,3,0,2,3,0
379,1.0,3,0,20.0,0,0,4.0125,0,False,False,1,1,2,0,0
380,1.0,3,0,19.0,0,0,7.775,0,False,True,1,1,2,0,0
381,0.0,1,1,42.0,0,0,227.525,0,False,False,1,1,3,3,1
382,0.0,3,1,1.0,0,2,15.7417,0,False,False,3,0,0,2,1
383,1.0,3,0,32.0,0,0,7.925,0,False,True,1,1,2,1,0
384,0.0,1,1,35.0,1,0,52.0,0,False,True,2,0,2,3,1
385,1.0,3,0,28.0,0,0,7.8958,0,False,True,1,1,2,0,0
386,1.0,2,0,18.0,0,0,73.5,0,False,True,1,1,1,3,0
387,1.0,3,0,1.0,5,2,46.9,0,False,True,8,0,0,3,2
388,0.0,2,1,36.0,0,0,13.0,0,False,True,1,1,3,1,1
389,1.0,3,0,28.0,0,0,7.7292,0,True,False,1,1,2,0,0
390,0.0,2,1,17.0,0,0,12.0,0,False,False,1,1,1,1,1
391,0.0,1,0,36.0,1,2,120.0,1,False,True,4,0,3,3,0
392,0.0,3,0,21.0,0,0,7.7958,0,False,True,1,1,2,0,0
393,1.0,3,0,28.0,2,0,7.925,0,False,True,3,0,2,1,0
394,0.0,1,1,23.0,1,0,113.275,1,False,False,2,0,2,3,1
395,0.0,3,1,24.0,0,2,16.7,1,False,True,3,0,2,2,1
396,1.0,3,0,22.0,0,0,7.7958,0,False,True,1,1,2,0,0
397,1.0,3,1,31.0,0,0,7.8542,0,False,True,1,1,2,0,1
398,1.0,2,0,46.0,0,0,26.0,0,False,True,1,1,3,2,0
399,1.0,2,0,23.0,0,0,10.5,0,False,True,1,1,2,1,3
400,0.0,2,1,28.0,0,0,12.65,0,False,True,1,1,2,1,1
401,0.0,3,0,39.0,0,0,7.925,0,False,True,1,1,3,1,0
402,1.0,3,0,26.0,0,0,8.05,0,False,True,1,1,2,1,0
403,1.0,3,1,21.0,1,0,9.825,0,False,True,2,0,2,1,1
404,1.0,3,0,28.0,1,0,15.85,0,False,True,2,0,2,2,0
405,1.0,3,1,20.0,0,0,8.6625,0,False,True,1,1,2,1,1
406,1.0,2,0,34.0,1,0,21.0,0,False,True,2,0,2,2,0
407,1.0,3,0,51.0,0,0,7.75,0,False,True,1,1,3,0,0
408,0.0,2,0,3.0,1,1,18.75,0,False,True,3,0,0,2,2
409,1.0,3,0,21.0,0,0,7.775,0,False,True,1,1,2,0,0
410,1.0,3,1,28.0,3,1,25.4667,0,False,True,5,0,2,2,1
411,1.0,3,0,28.0,0,0,7.8958,0,False,True,1,1,2,0,0
412,1.0,3,0,28.0,0,0,6.8583,0,True,False,1,1,2,0,0
413,0.0,1,1,33.0,1,0,90.0,1,True,False,2,0,2,3,1
414,1.0,2,0,28.0,0,0,0.0,0,False,True,1,1,2,0,0
415,0.0,3,0,44.0,0,0,7.925,0,False,True,1,1,3,1,0
416,1.0,3,1,28.0,0,0,8.05,0,False,True,1,1,2,1,1
417,0.0,2,1,34.0,1,1,32.5,0,False,True,3,0,2,3,1
418,0.0,2,1,18.0,0,2,13.0,0,False,True,3,0,1,1,1
419,1.0,2,0,30.0,0,0,13.0,0,False,True,1,1,2,1,0
420,1.0,3,1,10.0,0,2,24.15,0,False,True,3,0,0,2,1
421,1.0,3,0,28.0,0,0,7.8958,0,False,False,1,1,2,0,0
422,1.0,3,0,21.0,0,0,7.7333,0,True,False,1,1,2,0,0
423,1.0,3,0,29.0,0,0,7.875,0,False,True,1,1,2,0,0
424,1.0,3,1,28.0,1,1,14.4,0,False,True,3,0,2,1,1
425,1.0,3,0,18.0,1,1,20.2125,0,False,True,3,0,1,2,0
426,1.0,3,0,28.0,0,0,7.25,0,False,True,1,1,2,0,0
427,0.0,2,1,28.0,1,0,26.0,0,False,True,2,0,2,2,1
428,0.0,2,1,19.0,0,0,26.0,0,False,True,1,1,2,2,1
429,1.0,3,0,28.0,0,0,7.75,0,True,False,1,1,2,0,0
430,0.0,3,0,32.0,0,0,8.05,1,False,True,1,1,2,1,0
431,0.0,1,0,28.0,0,0,26.55,1,False,True,1,1,2,2,0
432,0.0,3,1,28.0,1,0,16.1,0,False,True,2,0,2,2,1
433,0.0,2,1,42.0,1,0,26.0,0,False,True,2,0,3,2,1
434,1.0,3,0,17.0,0,0,7.125,0,False,True,1,1,1,0,0
435,1.0,1,0,50.0,1,0,55.9,1,False,True,2,0,3,3,0
436,0.0,1,1,14.0,1,2,120.0,1,False,True,4,0,1,3,1
437,1.0,3,1,21.0,2,2,34.375,0,False,True,5,0,2,3,1
438,0.0,2,1,24.0,2,3,18.75,0,False,True,6,0,2,2,1
439,1.0,1,0,64.0,1,4,263.0,1,False,True,6,0,4,3,0
440,1.0,2,0,31.0,0,0,10.5,0,False,True,1,1,2,1,0
441,0.0,2,1,45.0,1,1,26.25,0,False,True,3,0,3,2,1
442,1.0,3,0,20.0,0,0,9.5,0,False,True,1,1,2,1,0
443,1.0,3,0,25.0,1,0,7.775,0,False,True,2,0,2,0,0
444,0.0,2,1,28.0,0,0,13.0,0,False,True,1,1,2,1,1
445,0.0,3,0,28.0,0,0,8.1125,0,False,True,1,1,2,1,0
446,0.0,1,0,4.0,0,2,81.8583,1,False,True,3,0,0,3,2
447,0.0,2,1,13.0,0,1,19.5,0,False,True,2,0,1,2,1
448,0.0,1,0,34.0,0,0,26.55,0,False,True,1,1,2,2,0
449,0.0,3,1,5.0,2,1,19.2583,0,False,False,4,0,0,2,1
450,0.0,1,0,52.0,0,0,30.5,1,False,True,1,1,3,2,3
451,1.0,2,0,36.0,1,2,27.75,0,False,True,4,0,3,2,0
452,1.0,3,0,28.0,1,0,19.9667,0,False,True,2,0,2,2,0
453,1.0,1,0,30.0,0,0,27.75,1,False,False,1,1,2,2,0
454,0.0,1,0,49.0,1,0,89.1042,1,False,False,2,0,3,3,0
455,1.0,3,0,28.0,0,0,8.05,0,False,True,1,1,2,1,0
456,0.0,3,0,29.0,0,0,7.8958,0,False,False,1,1,2,0,0
457,1.0,1,0,65.0,0,0,26.55,1,False,True,1,1,4,2,0
458,0.0,1,1,28.0,1,0,51.8625,1,False,True,2,0,2,3,1
459,0.0,2,1,50.0,0,0,10.5,0,False,True,1,1,3,1,1
460,1.0,3,0,28.0,0,0,7.75,0,True,False,1,1,2,0,0
461,0.0,1,0,48.0,0,0,26.55,1,False,True,1,1,3,2,0
462,1.0,3,0,34.0,0,0,8.05,0,False,True,1,1,2,1,0
463,1.0,1,0,47.0,0,0,38.5,1,False,True,1,1,3,3,0
464,1.0,2,0,48.0,0,0,13.0,0,False,True,1,1,3,1,0
465,1.0,3,0,28.0,0,0,8.05,0,False,True,1,1,2,1,0
466,1.0,3,0,38.0,0,0,7.05,0,False,True,1,1,3,0,0
467,1.0,2,0,28.0,0,0,0.0,0,False,True,1,1,2,0,0
468,1.0,1,0,56.0,0,0,26.55,0,False,True,1,1,3,2,0
469,1.0,3,0,28.0,0,0,7.725,0,True,False,1,1,2,0,0
470,0.0,3,1,0.75,2,1,19.2583,0,False,False,4,0,0,2,1
471,1.0,3,0,28.0,0,0,7.25,0,False,True,1,1,2,0,0
472,1.0,3,0,38.0,0,0,8.6625,0,False,True,1,1,3,1,0
473,0.0,2,1,33.0,1,2,27.75,0,False,True,4,0,2,2,1
474,0.0,2,1,23.0,0,0,13.7917,1,False,False,1,1,2,1,1
475,1.0,3,1,22.0,0,0,9.8375,0,False,True,1,1,2,1,1
476,1.0,1,0,28.0,0,0,52.0,1,False,True,1,1,2,3,0
477,1.0,2,0,34.0,1,0,21.0,0,False,True,2,0,2,2,0
478,1.0,3,0,29.0,1,0,7.0458,0,False,True,2,0,2,0,0
479,1.0,3,0,22.0,0,0,7.5208,0,False,True,1,1,2,0,0
480,0.0,3,1,2.0,0,1,12.2875,0,False,True,2,0,0,1,1
481,1.0,3,0,9.0,5,2,46.9,0,False,True,8,0,0,3,2
482,1.0,2,0,28.0,0,0,0.0,0,False,True,1,1,2,0,0
483,1.0,3,0,50.0,0,0,8.05,0,False,True,1,1,3,1,0
484,0.0,3,1,63.0,0,0,9.5875,0,False,True,1,1,4,1,1
485,0.0,1,0,25.0,1,0,91.0792,1,False,False,2,0,2,3,0
486,1.0,3,1,28.0,3,1,25.4667,0,False,True,5,0,2,2,1
487,0.0,1,1,35.0,1,0,90.0,1,False,True,2,0,2,3,1
488,1.0,1,0,58.0,0,0,29.7,1,False,False,1,1,3,2,0
489,1.0,3,0,30.0,0,0,8.05,0,False,True,1,1,2,1,0
490,0.0,3,0,9.0,1,1,15.9,0,False,True,3,0,0,2,2
491,1.0,3,0,28.0,1,0,19.9667,0,False,True,2,0,2,2,0
492,1.0,3,0,21.0,0,0,7.25,0,False,True,1,1,2,0,0
493,1.0,1,0,55.0,0,0,30.5,1,False,True,1,1,3,2,0
494,1.0,1,0,71.0,0,0,49.5042,0,False,False,1,1,4,3,0
495,1.0,3,0,21.0,0,0,8.05,0,False,True,1,1,2,1,0
496,1.0,3,0,28.0,0,0,14.4583,0,False,False,1,1,2,2,0
497,0.0,1,1,54.0,1,0,78.2667,1,False,False,2,0,3,3,1
498,1.0,3,0,28.0,0,0,15.1,0,False,True,1,1,2,2,0
499,1.0,1,1,25.0,1,2,151.55,1,False,True,4,0,2,3,1
500,1.0,3,0,24.0,0,0,7.7958,0,False,True,1,1,2,0,0
501,1.0,3,0,17.0,0,0,8.6625,0,False,True,1,1,1,1,0
502,1.0,3,1,21.0,0,0,7.75,0,True,False,1,1,2,0,1
503,1.0,3,1,28.0,0,0,7.6292,0,True,False,1,1,2,0,1
504,1.0,3,1,37.0,0,0,9.5875,0,False,True,1,1,3,1,1
505,0.0,1,1,16.0,0,0,86.5,1,False,True,1,1,1,3,1
506,1.0,1,0,18.0,1,0,108.9,1,False,False,2,0,1,3,0
507,0.0,2,1,33.0,0,2,26.0,0,False,True,3,0,2,2,1
508,0.0,1,0,28.0,0,0,26.55,0,False,True,1,1,2,2,0
509,1.0,3,0,28.0,0,0,22.525,0,False,True,1,1,2,2,0
510,0.0,3,0,26.0,0,0,56.4958,0,False,True,1,1,2,3,0
511,0.0,3,0,29.0,0,0,7.75,0,True,False,1,1,2,0,0
512,1.0,3,0,28.0,0,0,8.05,0,False,True,1,1,2,1,0
513,0.0,1,0,36.0,0,0,26.2875,1,False,True,1,1,3,2,0
514,0.0,1,1,54.0,1,0,59.4,0,False,False,2,0,3,3,1
515,1.0,3,0,24.0,0,0,7.4958,0,False,True,1,1,2,0,0
516,1.0,1,0,47.0,0,0,34.0208,1,False,True,1,1,3,3,0
517,0.0,2,1,34.0,0,0,10.5,1,False,True,1,1,2,1,1
518,1.0,3,0,28.0,0,0,24.15,0,True,False,1,1,2,2,0
519,0.0,2,1,36.0,1,0,26.0,0,False,True,2,0,3,2,1
520,1.0,3,0,32.0,0,0,7.8958,0,False,True,1,1,2,0,0
521,0.0,1,1,30.0,0,0,93.5,1,False,True,1,1,2,3,1
522,1.0,3,0,22.0,0,0,7.8958,0,False,True,1,1,2,0,0
523,1.0,3,0,28.0,0,0,7.225,0,False,False,1,1,2,0,0
524,0.0,1,1,44.0,0,1,57.9792,1,False,False,2,0,3,3,1
525,1.0,3,0,28.0,0,0,7.2292,0,False,False,1,1,2,0,0
526,1.0,3,0,40.5,0,0,7.75,0,True,False,1,1,3,0,0
527,0.0,2,1,50.0,0,0,10.5,0,False,True,1,1,3,1,1
528,1.0,1,0,28.0,0,0,221.7792,1,False,True,1,1,2,3,0
529,1.0,3,0,39.0,0,0,7.925,0,False,True,1,1,3,1,0
530,1.0,2,0,23.0,2,1,11.5,0,False,True,4,0,2,1,0
531,0.0,2,1,2.0,1,1,26.0,0,False,True,3,0,0,2,1
532,1.0,3,0,28.0,0,0,7.2292,0,False,False,1,1,2,0,0
533,1.0,3,0,17.0,1,1,7.2292,0,False,False,3,0,1,0,0
534,0.0,3,1,28.0,0,2,22.3583,0,False,False,3,0,2,2,1
535,1.0,3,1,30.0,0,0,8.6625,0,False,True,1,1,2,1,1
536,0.0,2,1,7.0,0,2,26.25,0,False,True,3,0,0,2,1
537,1.0,1,0,45.0,0,0,26.55,1,False,True,1,1,3,2,3
538,0.0,1,1,30.0,0,0,106.425,0,False,False,1,1,2,3,1
539,1.0,3,0,28.0,0,0,14.5,0,False,True,1,1,2,2,0
540,0.0,1,1,22.0,0,2,49.5,1,False,False,3,0,2,3,1
541,0.0,1,1,36.0,0,2,71.0,1,False,True,3,0,3,3,1
542,1.0,3,1,9.0,4,2,31.275,0,False,True,7,0,0,2,1
543,1.0,3,1,11.0,4,2,31.275,0,False,True,7,0,0,2,1
544,0.0,2,0,32.0,1,0,26.0,0,False,True,2,0,2,2,0
545,1.0,1,0,50.0,1,0,106.425,1,False,False,2,0,3,3,0
546,1.0,1,0,64.0,0,0,26.0,0,False,True,1,1,4,2,0
547,0.0,2,1,19.0,1,0,26.0,0,False,True,2,0,2,2,1
548,0.0,2,0,28.0,0,0,13.8625,0,False,False,1,1,2,1,0
549,1.0,3,0,33.0,1,1,20.525,0,False,True,3,0,2,2,0
550,0.0,2,0,8.0,1,1,36.75,0,False,True,3,0,0,3,2
551,0.0,1,0,17.0,0,2,110.8833,1,False,False,3,0,1,3,0
552,1.0,2,0,27.0,0,0,26.0,0,False,True,1,1,2,2,0
553,1.0,3,0,28.0,0,0,7.8292,0,True,False,1,1,2,0,0
554,0.0,3,0,22.0,0,0,7.225,0,False,False,1,1,2,0,0
555,0.0,3,1,22.0,0,0,7.775,0,False,True,1,1,2,0,1
556,1.0,1,0,62.0,0,0,26.55,0,False,True,1,1,4,2,0
557,0.0,1,1,48.0,1,0,39.6,1,False,False,2,0,3,3,1
558,1.0,1,0,28.0,0,0,227.525,0,False,False,1,1,2,3,0
559,0.0,1,1,39.0,1,1,79.65,1,False,True,3,0,3,3,1
560,0.0,3,1,36.0,1,0,17.4,0,False,True,2,0,3,2,1
561,1.0,3,0,28.0,0,0,7.75,0,True,False,1,1,2,0,0
562,1.0,3,0,40.0,0,0,7.8958,0,False,True,1,1,3,0,0
563,1.0,2,0,28.0,0,0,13.5,0,False,True,1,1,2,1,0
564,1.0,3,0,28.0,0,0,8.05,0,False,True,1,1,2,1,0
565,1.0,3,1,28.0,0,0,8.05,0,False,True,1,1,2,1,1
566,1.0,3,0,24.0,2,0,24.15,0,False,True,3,0,2,2,0
567,1.0,3,0,19.0,0,0,7.8958,0,False,True,1,1,2,0,0
568,1.0,3,1,29.0,0,4,21.075,0,False,True,5,0,2,2,1
569,1.0,3,0,28.0,0,0,7.2292,0,False,False,1,1,2,0,0
570,0.0,3,0,32.0,0,0,7.8542,0,False,True,1,1,2,0,0
571,0.0,2,0,62.0,0,0,10.5,0,False,True,1,1,4,1,0
572,0.0,1,1,53.0,2,0,51.4792,1,False,True,3,0,3,3,1
573,0.0,1,0,36.0,0,0,26.3875,1,False,True,1,1,3,2,0
574,0.0,3,1,28.0,0,0,7.75,0,True,False,1,1,2,0,1
575,1.0,3,0,16.0,0,0,8.05,0,False,True,1,1,1,1,0
576,1.0,3,0,19.0,0,0,14.5,0,False,True,1,1,2,2,0
577,0.0,2,1,34.0,0,0,13.0,0,False,True,1,1,2,1,1
578,0.0,1,1,39.0,1,0,55.9,1,False,True,2,0,3,3,1
579,1.0,3,1,28.0,1,0,14.4583,0,False,False,2,0,2,2,1
580,0.0,3,0,32.0,0,0,7.925,0,False,True,1,1,2,1,0
581,0.0,2,1,25.0,1,1,30.0,0,False,True,3,0,2,2,1
582,0.0,1,1,39.0,1,1,110.8833,1,False,False,3,0,3,3,1
583,1.0,2,0,54.0,0,0,26.0,0,False,True,1,1,3,2,0
584,1.0,1,0,36.0,0,0,40.125,1,False,False,1,1,3,3,0
585,1.0,3,0,28.0,0,0,8.7125,0,False,False,1,1,2,1,0
586,0.0,1,1,18.0,0,2,79.65,1,False,True,3,0,1,3,1
587,1.0,2,0,47.0,0,0,15.0,0,False,True,1,1,3,2,0
588,0.0,1,0,60.0,1,1,79.2,1,False,False,3,0,3,3,0
589,1.0,3,0,22.0,0,0,8.05,0,False,True,1,1,2,1,0
590,1.0,3,0,28.0,0,0,8.05,0,False,True,1,1,2,1,0
591,1.0,3,0,35.0,0,0,7.125,0,False,True,1,1,2,0,0
592,0.0,1,1,52.0,1,0,78.2667,1,False,False,2,0,3,3,1
593,1.0,3,0,47.0,0,0,7.25,0,False,True,1,1,3,0,0
594,1.0,3,1,28.0,0,2,7.75,0,True,False,3,0,2,0,1
595,1.0,2,0,37.0,1,0,26.0,0,False,True,2,0,3,2,0
596,1.0,3,0,36.0,1,1,24.15,0,False,True,3,0,3,2,0
597,0.0,2,1,28.0,0,0,33.0,0,False,True,1,1,2,3,1
598,1.0,3,0,49.0,0,0,0.0,0,False,True,1,1,3,0,0
599,1.0,3,0,28.0,0,0,7.225,0,False,False,1,1,2,0,0
600,0.0,1,0,49.0,1,0,56.9292,1,False,False,2,0,3,3,3
601,0.0,2,1,24.0,2,1,27.0,0,False,True,4,0,2,2,1
602,1.0,3,0,28.0,0,0,7.8958,0,False,True,1,1,2,0,0
603,1.0,1,0,28.0,0,0,42.4,0,False,True,1,1,2,3,0
604,1.0,3,0,44.0,0,0,8.05,0,False,True,1,1,3,1,0
605,0.0,1,0,35.0,0,0,26.55,0,False,False,1,1,2,2,0
606,1.0,3,0,36.0,1,0,15.55,0,False,True,2,0,3,2,0
607,1.0,3,0,30.0,0,0,7.8958,0,False,True,1,1,2,0,0
608,0.0,1,0,27.0,0,0,30.5,0,False,True,1,1,2,2,0
609,0.0,2,1,22.0,1,2,41.5792,0,False,False,4,0,2,3,1
610,0.0,1,1,40.0,0,0,153.4625,1,False,True,1,1,3,3,1
611,1.0,3,1,39.0,1,5,31.275,0,False,True,7,0,3,2,1
612,1.0,3,0,28.0,0,0,7.05,0,False,True,1,1,2,0,0
613,0.0,3,1,28.0,1,0,15.5,0,True,False,2,0,2,2,1
614,1.0,3,0,28.0,0,0,7.75,0,True,False,1,1,2,0,0
615,1.0,3,0,35.0,0,0,8.05,0,False,True,1,1,2,1,0
616,0.0,2,1,24.0,1,2,65.0,0,False,True,4,0,2,3,1
617,1.0,3,0,34.0,1,1,14.4,0,False,True,3,0,2,1,0
618,1.0,3,1,26.0,1,0,16.1,0,False,True,2,0,2,2,1
619,0.0,2,1,4.0,2,1,39.0,1,False,True,4,0,0,3,1
620,1.0,2,0,26.0,0,0,10.5,0,False,True,1,1,2,1,0
621,1.0,3,0,27.0,1,0,14.4542,0,False,False,2,0,2,1,0
622,0.0,1,0,42.0,1,0,52.5542,1,False,True,2,0,3,3,0
623,0.0,3,0,20.0,1,1,15.7417,0,False,False,3,0,2,2,0
624,1.0,3,0,21.0,0,0,7.8542,0,False,True,1,1,2,0,0
625,1.0,3,0,21.0,0,0,16.1,0,False,True,1,1,2,2,0
626,1.0,1,0,61.0,0,0,32.3208,1,False,True,1,1,4,3,0
627,1.0,2,0,57.0,0,0,12.35,0,True,False,1,1,3,1,3
628,0.0,1,1,21.0,0,0,77.9583,1,False,True,1,1,2,3,1
629,1.0,3,0,26.0,0,0,7.8958,0,False,True,1,1,2,0,0
630,1.0,3,0,28.0,0,0,7.7333,0,True,False,1,1,2,0,0
631,0.0,1,0,80.0,0,0,30.0,1,False,True,1,1,4,2,0
632,1.0,3,0,51.0,0,0,7.0542,0,False,True,1,1,3,0,0
633,0.0,1,0,32.0,0,0,30.5,1,False,False,1,1,2,2,3
634,1.0,1,0,28.0,0,0,0.0,0,False,True,1,1,2,0,0
635,1.0,3,1,9.0,3,2,27.9,0,False,True,6,0,0,2,1
636,0.0,2,1,28.0,0,0,13.0,0,False,True,1,1,2,1,1
637,1.0,3,0,32.0,0,0,7.925,0,False,True,1,1,2,1,0
638,1.0,2,0,31.0,1,1,26.25,0,False,True,3,0,2,2,0
639,1.0,3,1,41.0,0,5,39.6875,0,False,True,6,0,3,3,1
640,1.0,3,0,28.0,1,0,16.1,0,False,True,2,0,2,2,0
641,1.0,3,0,20.0,0,0,7.8542,0,False,True,1,1,2,0,0
642,0.0,1,1,24.0,0,0,69.3,1,False,False,1,1,2,3,1
643,1.0,3,1,2.0,3,2,27.9,0,False,True,6,0,0,2,1
644,0.0,3,0,28.0,0,0,56.4958,0,False,True,1,1,2,3,0
645,0.0,3,1,0.75,2,1,19.2583,0,False,False,4,0,0,2,1
646,0.0,1,0,48.0,1,0,76.7292,1,False,False,2,0,3,3,0
647,1.0,3,0,19.0,0,0,7.8958,0,False,True,1,1,2,0,0
648,0.0,1,0,56.0,0,0,35.5,1,False,False,1,1,3,3,3
649,1.0,3,0,28.0,0,0,7.55,0,False,True,1,1,2,0,0
650,0.0,3,1,23.0,0,0,7.55,0,False,True,1,1,2,0,1
651,1.0,3,0,28.0,0,0,7.8958,0,False,True,1,1,2,0,0
652,0.0,2,1,18.0,0,1,23.0,0,False,True,2,0,1,2,1
653,1.0,3,0,21.0,0,0,8.4333,0,False,True,1,1,2,1,0
654,0.0,3,1,28.0,0,0,7.8292,0,True,False,1,1,2,0,1
655,1.0,3,1,18.0,0,0,6.75,0,True,False,1,1,1,0,1
656,1.0,2,0,24.0,2,0,73.5,0,False,True,3,0,2,3,0
657,1.0,3,0,28.0,0,0,7.8958,0,False,True,1,1,2,0,0
658,1.0,3,1,32.0,1,1,15.5,0,True,False,3,0,2,2,1
659,1.0,2,0,23.0,0,0,13.0,0,False,True,1,1,2,1,0
660,1.0,1,0,58.0,0,2,113.275,1,False,False,3,0,3,3,0
661,0.0,1,0,50.0,2,0,133.65,0,False,True,3,0,3,3,3
662,1.0,3,0,40.0,0,0,7.225,0,False,False,1,1,3,0,0
663,1.0,1,0,47.0,0,0,25.5875,1,False,True,1,1,3,2,0
664,1.0,3,0,36.0,0,0,7.4958,0,False,True,1,1,3,0,0
665,0.0,3,0,20.0,1,0,7.925,0,False,True,2,0,2,1,0
666,1.0,2,0,32.0,2,0,73.5,0,False,True,3,0,2,3,0
667,1.0,2,0,25.0,0,0,13.0,0,False,True,1,1,2,1,0
668,1.0,3,0,28.0,0,0,7.775,0,False,True,1,1,2,0,0
669,1.0,3,0,43.0,0,0,8.05,0,False,True,1,1,3,1,0
670,0.0,1,1,28.0,1,0,52.0,1,False,True,2,0,2,3,1
671,0.0,2,1,40.0,1,1,39.0,0,False,True,3,0,3,3,1
672,1.0,1,0,31.0,1,0,52.0,1,False,True,2,0,2,3,0
673,1.0,2,0,70.0,0,0,10.5,0,False,True,1,1,4,1,0
674,0.0,2,0,31.0,0,0,13.0,0,False,True,1,1,2,1,0
675,1.0,2,0,28.0,0,0,0.0,0,False,True,1,1,2,0,0
676,1.0,3,0,18.0,0,0,7.775,0,False,True,1,1,1,0,0
677,1.0,3,0,24.5,0,0,8.05,0,False,True,1,1,2,1,0
678,0.0,3,1,18.0,0,0,9.8417,0,False,True,1,1,1,1,1
679,1.0,3,1,43.0,1,6,46.9,0,False,True,8,0,3,3,1
680,0.0,1,0,36.0,0,1,512.3292,1,False,False,2,0,3,3,0
681,1.0,3,1,28.0,0,0,8.1375,0,True,False,1,1,2,1,1
682,0.0,1,0,27.0,0,0,76.7292,1,False,False,1,1,2,3,0
683,1.0,3,0,20.0,0,0,9.225,0,False,True,1,1,2,1,0
684,1.0,3,0,14.0,5,2,46.9,0,False,True,8,0,1,3,0
685,1.0,2,0,60.0,1,1,39.0,0,False,True,3,0,3,3,0
686,1.0,2,0,25.0,1,2,41.5792,0,False,False,4,0,2,3,0
687,1.0,3,0,14.0,4,1,39.6875,0,False,True,6,0,1,3,0
688,1.0,3,0,19.0,0,0,10.1708,0,False,True,1,1,2,1,0
689,1.0,3,0,18.0,0,0,7.7958,0,False,True,1,1,1,0,0
690,0.0,1,1,15.0,0,1,211.3375,1,False,True,2,0,1,3,1
691,0.0,1,0,31.0,1,0,57.0,1,False,True,2,0,2,3,0
692,0.0,3,1,4.0,0,1,13.4167,0,False,False,2,0,0,1,1
693,0.0,3,0,28.0,0,0,56.4958,0,False,True,1,1,2,3,0
694,1.0,3,0,25.0,0,0,7.225,0,False,False,1,1,2,0,0
695,1.0,1,0,60.0,0,0,26.55,0,False,True,1,1,3,2,3
696,1.0,2,0,52.0,0,0,13.5,0,False,True,1,1,3,1,0
697,1.0,3,0,44.0,0,0,8.05,0,False,True,1,1,3,1,0
698,0.0,3,1,28.0,0,0,7.7333,0,True,False,1,1,2,0,1
699,1.0,1,0,49.0,1,1,110.8833,1,False,False,3,0,3,3,0
700,1.0,3,0,42.0,0,0,7.65,1,False,True,1,1,3,0,0
701,0.0,1,1,18.0,1,0,227.525,1,False,False,2,0,1,3,1
702,0.0,1,0,35.0,0,0,26.2875,1,False,True,1,1,2,2,0
703,1.0,3,1,18.0,0,1,14.4542,0,False,False,2,0,1,1,1
704,1.0,3,0,25.0,0,0,7.7417,0,True,False,1,1,2,0,0
705,1.0,3,0,26.0,1,0,7.8542,0,False,True,2,0,2,0,0
706,1.0,2,0,39.0,0,0,26.0,0,False,True,1,1,3,2,0
707,0.0,2,1,45.0,0,0,13.5,0,False,True,1,1,3,1,1
708,0.0,1,0,42.0,0,0,26.2875,1,False,True,1,1,3,2,0
709,0.0,1,1,22.0,0,0,151.55,0,False,True,1,1,2,3,1
710,0.0,3,0,28.0,1,1,15.2458,0,False,False,3,0,2,2,2
711,0.0,1,1,24.0,0,0,49.5042,1,False,False,1,1,2,3,1
712,1.0,1,0,28.0,0,0,26.55,1,False,True,1,1,2,2,0
713,0.0,1,0,48.0,1,0,52.0,1,False,True,2,0,3,3,0
714,1.0,3,0,29.0,0,0,9.4833,0,False,True,1,1,2,1,0
715,1.0,2,0,52.0,0,0,13.0,0,False,True,1,1,3,1,0
716,1.0,3,0,19.0,0,0,7.65,1,False,True,1,1,2,0,0
717,0.0,1,1,38.0,0,0,227.525,1,False,False,1,1,3,3,1
718,0.0,2,1,27.0,0,0,10.5,1,False,True,1,1,2,1,1
719,1.0,3,0,28.0,0,0,15.5,0,True,False,1,1,2,2,0
720,1.0,3,0,33.0,0,0,7.775,0,False,True,1,1,2,0,0
721,0.0,2,1,6.0,0,1,33.0,0,False,True,2,0,0,3,1
722,1.0,3,0,17.0,1,0,7.0542,0,False,True,2,0,1,0,0
723,1.0,2,0,34.0,0,0,13.0,0,False,True,1,1,2,1,0
724,1.0,2,0,50.0,0,0,13.0,0,False,True,1,1,3,1,0
725,0.0,1,0,27.0,1,0,53.1,1,False,True,2,0,2,3,0
726,1.0,3,0,20.0,0,0,8.6625,0,False,True,1,1,2,1,0
727,0.0,2,1,30.0,3,0,21.0,0,False,True,4,0,2,2,1
728,0.0,3,1,28.0,0,0,7.7375,0,True,False,1,1,2,0,1
729,1.0,2,0,25.0,1,0,26.0,0,False,True,2,0,2,2,0
730,1.0,3,1,25.0,1,0,7.925,0,False,True,2,0,2,1,1
731,0.0,1,1,29.0,0,0,211.3375,1,False,True,1,1,2,3,1
732,1.0,3,0,11.0,0,0,18.7875,0,False,False,1,1,0,2,0
733,1.0,2,0,28.0,0,0,0.0,0,False,True,1,1,2,0,0
734,1.0,2,0,23.0,0,0,13.0,0,False,True,1,1,2,1,0
735,1.0,2,0,23.0,0,0,13.0,0,False,True,1,1,2,1,0
736,1.0,3,0,28.5,0,0,16.1,0,False,True,1,1,2,2,0
737,1.0,3,1,48.0,1,3,34.375,0,False,True,5,0,3,3,1
738,0.0,1,0,35.0,0,0,512.3292,1,False,False,1,1,2,3,0
739,1.0,3,0,28.0,0,0,7.8958,0,False,True,1,1,2,0,0
740,1.0,3,0,28.0,0,0,7.8958,0,False,True,1,1,2,0,0
741,0.0,1,0,28.0,0,0,30.0,1,False,True,1,1,2,2,0
742,1.0,1,0,36.0,1,0,78.85,1,False,True,2,0,3,3,0
743,0.0,1,1,21.0,2,2,262.375,1,False,False,5,0,2,3,1
744,1.0,3,0,24.0,1,0,16.1,0,False,True,2,0,2,2,0
745,0.0,3,0,31.0,0,0,7.925,0,False,True,1,1,2,1,0
746,1.0,1,0,70.0,1,1,71.0,1,False,True,3,0,4,3,3
747,1.0,3,0,16.0,1,1,20.25,0,False,True,3,0,1,2,0
748,0.0,2,1,30.0,0,0,13.0,0,False,True,1,1,2,1,1
749,1.0,1,0,19.0,1,0,53.1,1,False,True,2,0,2,3,0
750,1.0,3,0,31.0,0,0,7.75,0,True,False,1,1,2,0,0
751,0.0,2,1,4.0,1,1,23.0,0,False,True,3,0,0,2,1
752,0.0,3,0,6.0,0,1,12.475,1,False,True,2,0,0,1,2
753,1.0,3,0,33.0,0,0,9.5,0,False,True,1,1,2,1,0
754,1.0,3,0,23.0,0,0,7.8958,0,False,True,1,1,2,0,0
755,0.0,2,1,48.0,1,2,65.0,0,False,True,4,0,3,3,1
756,0.0,2,0,0.67,1,1,14.5,0,False,True,3,0,0,2,2
757,1.0,3,0,28.0,0,0,7.7958,0,False,True,1,1,2,0,0
758,1.0,2,0,18.0,0,0,11.5,0,False,True,1,1,1,1,0
759,1.0,3,0,34.0,0,0,8.05,0,False,True,1,1,2,1,0
760,0.0,1,1,33.0,0,0,86.5,1,False,True,1,1,2,3,1
761,1.0,3,0,28.0,0,0,14.5,0,False,True,1,1,2,2,0
762,1.0,3,0,41.0,0,0,7.125,0,False,True,1,1,3,0,0
763,0.0,3,0,20.0,0,0,7.2292,0,False,False,1,1,2,0,0
764,0.0,1,1,36.0,1,2,120.0,1,False,True,4,0,3,3,1
765,1.0,3,0,16.0,0,0,7.775,0,False,True,1,1,1,0,0
766,0.0,1,1,51.0,1,0,77.9583,1,False,True,2,0,3,3,1
767,1.0,1,0,28.0,0,0,39.6,0,False,False,1,1,2,3,3
768,1.0,3,1,30.5,0,0,7.75,0,True,False,1,1,2,0,1
769,1.0,3,0,28.0,1,0,24.15,0,True,False,2,0,2,2,0
770,1.0,3,0,32.0,0,0,8.3625,0,False,True,1,1,2,1,0
771,1.0,3,0,24.0,0,0,9.5,0,False,True,1,1,2,1,0
772,1.0,3,0,48.0,0,0,7.8542,0,False,True,1,1,3,0,0
773,1.0,2,1,57.0,0,0,10.5,1,False,True,1,1,3,1,1
774,1.0,3,0,28.0,0,0,7.225,0,False,False,1,1,2,0,0
775,0.0,2,1,54.0,1,3,23.0,0,False,True,5,0,3,2,1
776,1.0,3,0,18.0,0,0,7.75,0,False,True,1,1,1,0,0
777,1.0,3,0,28.0,0,0,7.75,1,True,False,1,1,2,0,0
778,0.0,3,1,5.0,0,0,12.475,0,False,True,1,1,0,1,1
779,1.0,3,0,28.0,0,0,7.7375,0,True,False,1,1,2,0,0
780,0.0,1,1,43.0,0,1,211.3375,1,False,True,2,0,3,3,1
781,0.0,3,1,13.0,0,0,7.2292,0,False,False,1,1,1,0,1
782,0.0,1,1,17.0,1,0,57.0,1,False,True,2,0,1,3,1
783,1.0,1,0,29.0,0,0,30.0,1,False,True,1,1,2,2,0
784,1.0,3,0,28.0,1,2,23.45,0,False,True,4,0,2,2,0
785,1.0,3,0,25.0,0,0,7.05,0,False,True,1,1,2,0,0
786,1.0,3,0,25.0,0,0,7.25,0,False,True,1,1,2,0,0
787,0.0,3,1,18.0,0,0,7.4958,0,False,True,1,1,1,0,1
788,1.0,3,0,8.0,4,1,29.125,0,True,False,6,0,0,2,2
789,0.0,3,0,1.0,1,2,20.575,0,False,True,4,0,0,2,2
790,1.0,1,0,46.0,0,0,79.2,1,False,False,1,1,3,3,0
791,1.0,3,0,28.0,0,0,7.75,0,True,False,1,1,2,0,0
792,1.0,2,0,16.0,0,0,26.0,0,False,True,1,1,1,2,0
793,1.0,3,1,28.0,8,2,69.55,0,False,True,11,0,2,3,1
794,1.0,1,0,28.0,0,0,30.6958,0,False,False,1,1,2,2,0
795,1.0,3,0,25.0,0,0,7.8958,0,False,True,1,1,2,0,0
796,1.0,2,0,39.0,0,0,13.0,0,False,True,1,1,3,1,0
797,0.0,1,1,49.0,0,0,25.9292,1,False,True,1,1,3,2,3
798,0.0,3,1,31.0,0,0,8.6833,0,False,True,1,1,2,1,1
799,1.0,3,0,30.0,0,0,7.2292,0,False,False,1,1,2,0,0
800,1.0,3,1,30.0,1,1,24.15,0,False,True,3,0,2,2,1
801,1.0,2,0,34.0,0,0,13.0,0,False,True,1,1,2,1,0
802,0.0,2,1,31.0,1,1,26.25,0,False,True,3,0,2,2,1
803,0.0,1,0,11.0,1,2,120.0,1,False,True,4,0,0,3,2
804,0.0,3,0,0.42,0,1,8.5167,0,False,False,2,0,0,1,2
805,0.0,3,0,27.0,0,0,6.975,0,False,True,1,1,2,0,0
806,1.0,3,0,31.0,0,0,7.775,0,False,True,1,1,2,0,0
807,1.0,1,0,39.0,0,0,0.0,1,False,True,1,1,3,0,0
808,1.0,3,1,18.0,0,0,7.775,0,False,True,1,1,1,0,1
809,1.0,2,0,39.0,0,0,13.0,0,False,True,1,1,3,1,0
810,0.0,1,1,33.0,1,0,53.1,1,False,True,2,0,2,3,1
811,1.0,3,0,26.0,0,0,7.8875,0,False,True,1,1,2,0,0
812,1.0,3,0,39.0,0,0,24.15,0,False,True,1,1,3,2,0
813,1.0,2,0,35.0,0,0,10.5,0,False,True,1,1,2,1,0
814,1.0,3,1,6.0,4,2,31.275,0,False,True,7,0,0,2,1
815,1.0,3,0,30.5,0,0,8.05,0,False,True,1,1,2,1,0
816,1.0,1,0,28.0,0,0,0.0,1,False,True,1,1,2,0,0
817,1.0,3,1,23.0,0,0,7.925,0,False,True,1,1,2,1,1
818,1.0,2,0,31.0,1,1,37.0042,0,False,False,3,0,2,3,0
819,1.0,3,0,43.0,0,0,6.45,0,False,True,1,1,3,0,0
820,1.0,3,0,10.0,3,2,27.9,0,False,True,6,0,0,2,2
821,0.0,1,1,52.0,1,1,93.5,1,False,True,3,0,3,3,1
822,0.0,3,0,27.0,0,0,8.6625,0,False,True,1,1,2,1,0
823,1.0,1,0,38.0,0,0,0.0,0,False,True,1,1,3,0,3
824,0.0,3,1,27.0,0,1,12.475,1,False,True,2,0,2,1,1
825,1.0,3,0,2.0,4,1,39.6875,0,False,True,6,0,0,3,2
826,1.0,3,0,28.0,0,0,6.95,0,True,False,1,1,2,0,0
827,1.0,3,0,28.0,0,0,56.4958,0,False,True,1,1,2,3,0
828,0.0,2,0,1.0,0,2,37.0042,0,False,False,3,0,0,3,2
829,0.0,3,0,28.0,0,0,7.75,0,True,False,1,1,2,0,0
830,0.0,1,1,62.0,0,0,80.0,1,False,True,1,1,4,3,1
831,0.0,3,1,15.0,1,0,14.4542,0,False,False,2,0,1,1,1
832,0.0,2,0,0.83,1,1,18.75,0,False,True,3,0,0,2,2
833,1.0,3,0,28.0,0,0,7.2292,0,False,False,1,1,2,0,0
834,1.0,3,0,23.0,0,0,7.8542,0,False,True,1,1,2,0,0
835,1.0,3,0,18.0,0,0,8.3,0,False,True,1,1,1,1,0
836,0.0,1,1,39.0,1,1,83.1583,1,False,False,3,0,3,3,1
837,1.0,3,0,21.0,0,0,8.6625,0,False,True,1,1,2,1,0
838,1.0,3,0,28.0,0,0,8.05,0,False,True,1,1,2,1,0
839,0.0,3,0,32.0,0,0,56.4958,0,False,True,1,1,2,3,0
840,0.0,1,0,28.0,0,0,29.7,1,False,False,1,1,2,2,0
841,1.0,3,0,20.0,0,0,7.925,0,False,True,1,1,2,1,0
842,1.0,2,0,16.0,0,0,10.5,0,False,True,1,1,1,1,0
843,0.0,1,1,30.0,0,0,31.0,0,False,False,1,1,2,2,1
844,1.0,3,0,34.5,0,0,6.4375,0,False,False,1,1,2,0,0
845,1.0,3,0,17.0,0,0,8.6625,0,False,True,1,1,1,1,0
846,1.0,3,0,42.0,0,0,7.55,0,False,True,1,1,3,0,0
847,1.0,3,0,28.0,8,2,69.55,0,False,True,11,0,2,3,0
848,1.0,3,0,35.0,0,0,7.8958,0,False,False,1,1,2,0,0
849,1.0,2,0,28.0,0,1,33.0,0,False,True,2,0,2,3,3
850,0.0,1,1,28.0,1,0,89.1042,1,False,False,2,0,2,3,1
851,1.0,3,0,4.0,4,2,31.275,0,False,True,7,0,0,2,2
852,1.0,3,0,74.0,0,0,7.775,0,False,True,1,1,4,0,0
853,1.0,3,1,9.0,1,1,15.2458,0,False,False,3,0,0,2,1
854,0.0,1,1,16.0,0,1,39.4,1,False,True,2,0,1,3,1
855,1.0,2,1,44.0,1,0,26.0,0,False,True,2,0,3,2,1
856,0.0,3,1,18.0,0,1,9.35,0,False,True,2,0,1,1,1
857,0.0,1,1,45.0,1,1,164.8667,0,False,True,3,0,3,3,1
858,0.0,1,0,51.0,0,0,26.55,1,False,True,1,1,3,2,0
859,0.0,3,1,24.0,0,3,19.2583,0,False,False,4,0,2,2,1
860,1.0,3,0,28.0,0,0,7.2292,0,False,False,1,1,2,0,0
861,1.0,3,0,41.0,2,0,14.1083,0,False,True,3,0,3,1,0
862,1.0,2,0,21.0,1,0,11.5,0,False,True,2,0,2,1,0
863,0.0,1,1,48.0,0,0,25.9292,1,False,True,1,1,3,2,1
864,1.0,3,1,28.0,8,2,69.55,0,False,True,11,0,2,3,1
865,1.0,2,0,24.0,0,0,13.0,0,False,True,1,1,2,1,0
866,0.0,2,1,42.0,0,0,13.0,0,False,True,1,1,3,1,1
867,0.0,2,1,27.0,1,0,13.8583,0,False,False,2,0,2,1,1
868,1.0,1,0,31.0,0,0,50.4958,1,False,True,1,1,2,3,0
869,1.0,3,0,28.0,0,0,9.5,0,False,True,1,1,2,1,0
870,0.0,3,0,4.0,1,1,11.1333,0,False,True,3,0,0,1,2
871,1.0,3,0,26.0,0,0,7.8958,0,False,True,1,1,2,0,0
872,0.0,1,1,47.0,1,1,52.5542,1,False,True,3,0,3,3,1
873,1.0,1,0,33.0,0,0,5.0,1,False,True,1,1,2,0,0
874,1.0,3,0,47.0,0,0,9.0,0,False,True,1,1,3,1,0
875,0.0,2,1,28.0,1,0,24.0,0,False,False,2,0,2,2,1
876,0.0,3,1,15.0,0,0,7.225,0,False,False,1,1,1,0,1
877,1.0,3,0,20.0,0,0,9.8458,0,False,True,1,1,2,1,0
878,1.0,3,0,19.0,0,0,7.8958,0,False,True,1,1,2,0,0
879,1.0,3,0,28.0,0,0,7.8958,0,False,True,1,1,2,0,0
880,0.0,1,1,56.0,0,1,83.1583,1,False,False,2,0,3,3,1
881,0.0,2,1,25.0,0,1,26.0,0,False,True,2,0,2,2,1
882,1.0,3,0,33.0,0,0,7.8958,0,False,True,1,1,2,0,0
883,1.0,3,1,22.0,0,0,10.5167,0,False,True,1,1,2,1,1
884,1.0,2,0,28.0,0,0,10.5,0,False,True,1,1,2,1,0
885,1.0,3,0,25.0,0,0,7.05,0,False,True,1,1,2,0,0
886,1.0,3,1,39.0,0,5,29.125,0,True,False,6,0,3,2,1
887,1.0,2,0,27.0,0,0,13.0,0,False,True,1,1,2,1,3
888,0.0,1,1,19.0,0,0,30.0,1,False,True,1,1,2,2,1
889,1.0,3,1,28.0,1,2,23.45,0,False,True,4,0,2,2,1
890,0.0,1,0,26.0,0,0,30.0,1,False,False,1,1,2,2,0
891,1.0,3,0,32.0,0,0,7.75,0,True,False,1,1,2,0,0
